{
  "hash": "a881d431",
  "configHash": "5475675b",
  "lockfileHash": "a5d23794",
  "browserHash": "c341abc1",
  "optimized": {
    "@angular/common": {
      "src": "../../../../../../node_modules/@angular/common/fesm2022/common.mjs",
      "file": "@angular_common.js",
      "fileHash": "24fb9dee",
      "needsInterop": false
    },
    "@angular/core": {
      "src": "../../../../../../node_modules/@angular/core/fesm2022/core.mjs",
      "file": "@angular_core.js",
      "fileHash": "20ff44eb",
      "needsInterop": false
    },
    "@angular/forms": {
      "src": "../../../../../../node_modules/@angular/forms/fesm2022/forms.mjs",
      "file": "@angular_forms.js",
      "fileHash": "bfc3c02c",
      "needsInterop": false
    },
    "@angular/localize/init": {
      "src": "../../../../../../node_modules/@angular/localize/fesm2022/init.mjs",
      "file": "@angular_localize_init.js",
      "fileHash": "d4c05454",
      "needsInterop": false
    },
    "@angular/platform-browser": {
      "src": "../../../../../../node_modules/@angular/platform-browser/fesm2022/platform-browser.mjs",
      "file": "@angular_platform-browser.js",
      "fileHash": "d7a3e07e",
      "needsInterop": false
    },
    "@angular/router": {
      "src": "../../../../../../node_modules/@angular/router/fesm2022/router.mjs",
      "file": "@angular_router.js",
      "fileHash": "504c941a",
      "needsInterop": false
    },
    "@ng-bootstrap/ng-bootstrap": {
      "src": "../../../../../../node_modules/@ng-bootstrap/ng-bootstrap/fesm2022/ng-bootstrap.mjs",
      "file": "@ng-bootstrap_ng-bootstrap.js",
      "fileHash": "19a467c3",
      "needsInterop": false
    },
    "rxjs/operators": {
      "src": "../../../../../../node_modules/rxjs/dist/esm5/operators/index.js",
      "file": "rxjs_operators.js",
      "fileHash": "90c1e086",
      "needsInterop": false
    },
    "zone.js": {
      "src": "../../../../../../node_modules/zone.js/fesm2015/zone.js",
      "file": "zone__js.js",
      "fileHash": "fa468778",
      "needsInterop": true
    }
  },
  "chunks": {
    "chunk-UCR6TOQS": {
      "file": "chunk-UCR6TOQS.js"
    },
    "chunk-EO6ZLENU": {
      "file": "chunk-EO6ZLENU.js"
    },
    "chunk-IBZX4MMY": {
      "file": "chunk-IBZX4MMY.js"
    },
    "chunk-2LS5NLUX": {
      "file": "chunk-2LS5NLUX.js"
    },
    "chunk-JSFS2RXG": {
      "file": "chunk-JSFS2RXG.js"
    },
    "chunk-WDMUDEB6": {
      "file": "chunk-WDMUDEB6.js"
    }
  }
}